{"schemaVersion":"1.0","appDefinitionTemplate":{"id":"/providers/Microsoft.PowerApps/apps/","type":"Microsoft.PowerApps/apps","tags":{"primaryDeviceWidth":"640","primaryDeviceHeight":"1136","supportsPortrait":"true","supportsLandscape":"true","primaryFormFactor":"Phone","showStatusBar":"false","publisherVersion":"3.24045.17","minimumRequiredApiVersion":"2.2.0","hasComponent":"false","hasUnlockedComponent":"false","isUnifiedRootApp":"false","sienaVersion":"20240508T073736Z-3.24045.17.0"},"properties":{"appVersion":"2024-05-08T07:37:36Z","lifeCycleId":"Published","createdByClientVersion":{"major":3,"minor":24045,"build":17,"revision":0,"majorRevision":0,"minorRevision":0},"minClientVersion":{"major":3,"minor":24045,"build":17,"revision":0,"majorRevision":0,"minorRevision":0},"backgroundColor":"RGBA(0,176,240,1)","backgroundImageUri":"/5121173003649983661/N80b4b15f-88b2-482c-81b8-80bec8ab48d1-logoSmallFile","displayName":"ボタンを押すだけのアプリ","description":"","commitMessage":"","appUris":{"documentUri":{"value":"/5121173003649983661/N8da6374b-3b33-447d-9dbc-940eb6ee6621-document.msapp"},"imageUris":[],"additionalUris":[{"isSolutionAware":false,"value":"/5121173003649983661/N296905df-91dc-424c-bb75-805763e0d49a-identity.json"}]},"createdTime":"0001-01-01T00:00:00Z","lastModifiedTime":"0001-01-01T00:00:00Z","sharedGroupsCount":0,"sharedUsersCount":0,"connectionReferences":{},"databaseReferences":{},"almMode":"Environment","performanceOptimizationEnabled":true,"canConsumeAppPass":true,"enableModernRuntimeMode":false,"executionRestrictions":{"isTeamsOnly":false,"dataLossPreventionEvaluationResult":{"status":"Compliant","lastEvaluationDate":"2024-05-08T07:37:40.6470322Z","violations":[],"violationsByPolicy":[],"violationErrorMessage":"このアプリでは、次のコネクタが使用されます: 。"}}},"appType":"ClassicCanvasApp","appComponents":[]}}